volumenes, dimensiones_matriz, media, desviacion_estandar, tiempo_compilacion, tiempo_1, tiempo_2, tiempo_3, tiempo_4, tiempo_5, tiempo_6, tiempo_7, tiempo_8, tiempo_9, tiempo_10
10.0,1000.0,0.0210052490234375,0.006527348646853556,0.01512598991394043,0.035616159439086914,0.020060062408447266,0.020541906356811523,0.0184781551361084,0.01779007911682129,0.016865968704223633,0.017253875732421875,0.017248153686523438,0.016097068786621094,0.03010106086730957
20.0,8000.0,0.11863124370574951,0.007981963928318717,0.13348102569580078,0.13341212272644043,0.1107168197631836,0.12163186073303223,0.12018990516662598,0.12551593780517578,0.10920596122741699,0.1186378002166748,0.1228330135345459,0.1075429916381836,0.11662602424621582
30.0,27000.0,0.44711272716522216,0.024353404593655138,0.45485591888427734,0.45000386238098145,0.4709010124206543,0.4390690326690674,0.4662160873413086,0.4774158000946045,0.44634199142456055,0.4655468463897705,0.3993649482727051,0.4220108985900879,0.43425679206848145
40.0,64000.0,0.9983256340026856,0.09893955478302689,1.1218600273132324,1.268867015838623,0.992854118347168,0.9590840339660645,0.948498010635376,0.9477481842041016,0.9358890056610107,0.9614648818969727,1.0322179794311523,0.9615659713745117,0.975067138671875
50.0,125000.0,2.0091391086578367,0.12888282291787284,1.9601271152496338,2.030216932296753,2.225714921951294,2.087022066116333,1.940737009048462,1.9461438655853271,1.858224868774414,1.9550859928131104,1.8757901191711426,1.959597110748291,2.212858200073242
60.0,216000.0,3.8968257188796995,0.31285414671412726,3.729140043258667,3.903820037841797,4.48756217956543,3.865401029586792,4.064428806304932,4.285388946533203,3.674211025238037,3.736546039581299,3.8762240409851074,3.4432990550994873,3.631376028060913
80.0,512000.0,8.90986475944519,0.4505373993117843,8.468451976776123,8.355639934539795,9.320042848587036,8.524885892868042,9.05088186264038,8.634716987609863,9.523262977600098,8.490231990814209,9.059457063674927,8.57895803451538,9.560570001602173
