volumenes, dimensiones_matriz, media, desviacion_estandar, tiempo_compilacion, tiempo_1, tiempo_2, tiempo_3, tiempo_4, tiempo_5, tiempo_6, tiempo_7, tiempo_8, tiempo_9, tiempo_10
10,1000,0.005132746696472168,0.0006310948079870793,0.00562286376953125,0.006838083267211914,0.0055599212646484375,0.004789113998413086,0.005203723907470703,0.005218982696533203,0.004765033721923828,0.004731655120849609,0.004787445068359375,0.00470733642578125,0.0047261714935302734
20,8000,0.05189206600189209,0.026024509345361,0.03250241279602051,0.09154701232910156,0.0320582389831543,0.03901934623718262,0.0918741226196289,0.03410696983337402,0.033959150314331055,0.034365177154541016,0.09126615524291992,0.03595542907714844,0.03476905822753906
30,27000,0.15750155448913575,0.028450047686917685,0.17607736587524414,0.1830132007598877,0.17693638801574707,0.17167067527770996,0.10184526443481445,0.16672611236572266,0.16698074340820312,0.17072200775146484,0.1715559959411621,0.10117721557617188,0.16438794136047363
40,64000,0.3528293609619141,0.037752685300020766,0.322054386138916,0.39357519149780273,0.31827616691589355,0.4016687870025635,0.33274221420288086,0.31775617599487305,0.39812660217285156,0.3234434127807617,0.31909656524658203,0.40158629417419434,0.3220221996307373
50,125000,0.677956223487854,0.042643781665854114,0.6847965717315674,0.6856679916381836,0.6954286098480225,0.6980233192443848,0.7138152122497559,0.5951113700866699,0.6992330551147461,0.7118563652038574,0.5933308601379395,0.690483808517456,0.6966116428375244
60,216000,1.1640901565551758,0.005850876595367228,1.1673686504364014,1.1627357006072998,1.159224510192871,1.1631104946136475,1.1629016399383545,1.1586782932281494,1.160787582397461,1.1779961585998535,1.158879280090332,1.1652626991271973,1.1713252067565918
80,512000,2.7369893074035643,0.12409055340314083,2.6327381134033203,2.898587942123413,2.6454203128814697,2.9466238021850586,2.7270379066467285,2.6916956901550293,2.6522650718688965,2.6143624782562256,2.9130895137786865,2.6678340435028076,2.612976312637329
