volumenes, dimensiones_matriz, media, desviacion_estandar, tiempo_compilacion, tiempo_1, tiempo_2, tiempo_3, tiempo_4, tiempo_5, tiempo_6, tiempo_7, tiempo_8, tiempo_9, tiempo_10
10.0,1000.0,0.010311532020568847,0.010876251625913705,0.350161075592041,0.006983041763305664,0.006946086883544922,0.006921052932739258,0.0072591304779052734,0.04126095771789551,0.006669044494628906,0.006670951843261719,0.0065882205963134766,0.0069539546966552734,0.0068628787994384766
20.0,8000.0,0.13313729763031007,0.020172120289412693,0.15191006660461426,0.12673592567443848,0.18536686897277832,0.14419817924499512,0.13731694221496582,0.12383103370666504,0.12126278877258301,0.11826610565185547,0.13205718994140625,0.11824488639831543,0.12409305572509766
30.0,27000.0,1.0315460443496705,0.10465952328702305,1.117218017578125,1.0919029712677002,1.2152349948883057,1.0738859176635742,0.9393749237060547,1.1885910034179688,0.9386208057403564,0.9833769798278809,0.943432092666626,0.9768037796020508,0.9642369747161865
40.0,64000.0,4.185240268707275,0.0850614966504298,4.3803040981292725,4.224461793899536,4.386806964874268,4.261899948120117,4.1395978927612305,4.178290128707886,4.149990081787109,4.147557973861694,4.120551824569702,4.12062406539917,4.122622013092041
50.0,125000.0,15.893387603759766,0.2324024945637348,15.516299962997437,15.741908073425293,15.79845404624939,15.819885969161987,15.843656063079834,15.768548965454102,15.94710898399353,15.889304876327515,15.628904104232788,16.017562866210938,16.47854208946228
60.0,216000.0,46.87490448951721,0.31106336266380935,45.6803560256958,46.726876974105835,46.422338008880615,46.605074882507324,46.911396980285645,47.173619985580444,47.068119049072266,46.984214067459106,46.42783284187317,47.23140001296997,47.198172092437744
