volumenes, dimensiones_matriz, media, desviacion_estandar, tiempo_compilacion, tiempo_1, tiempo_2, tiempo_3, tiempo_4, tiempo_5, tiempo_6, tiempo_7, tiempo_8, tiempo_9, tiempo_10
10,1000,0.00870356559753418,0.001654812898321361,0.008476972579956055,0.007824897766113281,0.007914543151855469,0.008111000061035156,0.00784444808959961,0.012653112411499023,0.010985374450683594,0.008491039276123047,0.00801849365234375,0.008347511291503906,0.006845235824584961
20,8000,0.389961838722229,0.00561920354374307,0.3935420513153076,0.386354923248291,0.38939738273620605,0.3872957229614258,0.3983480930328369,0.38686227798461914,0.40320801734924316,0.38600802421569824,0.3857874870300293,0.38867807388305664,0.3876783847808838
30,27000,4.020413327217102,0.026146586920624333,4.276248931884766,4.042784690856934,3.99626088142395,3.9797959327697754,3.9842276573181152,4.0240843296051025,4.02715539932251,4.024488925933838,4.02759313583374,4.025994777679443,4.071747541427612
40,64000,26.847126507759093,1.79656667842926,25.853379249572754,26.929550886154175,30.95236611366272,29.72329354286194,25.755054712295532,25.83330225944519,25.79142737388611,25.846752882003784,25.878743171691895,25.850802898406982,25.909971237182617
50,125000,134.81634430885316,0.8723160111029324,134.71484684944153,134.6542317867279,135.21756553649902,134.29677605628967,134.13509058952332,134.27840542793274,137.05090141296387,134.14870619773865,133.99760127067566,135.13303685188293,135.25112795829773
60,216000,580.2044709682465,12.836929759877652,575.3561706542969,571.8365566730499,573.1814262866974,576.7306523323059,579.0424273014069,605.5036568641663,574.0456964969635,571.7945039272308,573.6589758396149,605.4180634021759,570.8327505588531
