volumenes, dimensiones_matriz, media, desviacion_estandar, tiempo_compilacion, tiempo_1, tiempo_2, tiempo_3, tiempo_4, tiempo_5, tiempo_6, tiempo_7, tiempo_8, tiempo_9, tiempo_10
10,1000,0.007879257202148438,0.0006336090884377273,0.01600956916809082,0.009279012680053711,0.008646249771118164,0.008345603942871094,0.007940053939819336,0.0074121952056884766,0.0075914859771728516,0.007425546646118164,0.007419586181640625,0.007337093353271484,0.007395744323730469
20,8000,0.3016845703125,0.009519963790554383,0.30840277671813965,0.3071904182434082,0.3005053997039795,0.31003808975219727,0.3026769161224365,0.2881205081939697,0.28783416748046875,0.30075955390930176,0.3090946674346924,0.3184642791748047,0.2921617031097412
30,27000,4.339927458763123,0.24806893691322937,4.066251516342163,4.337542295455933,4.616966009140015,4.7304911613464355,4.745153427124023,4.103691339492798,4.216458320617676,4.292442560195923,4.1519646644592285,4.090229749679565,4.114335060119629
40,64000,29.26081576347351,0.5922884093366173,29.96439814567566,29.091742992401123,28.95263385772705,28.753499507904053,30.20210075378418,28.262425899505615,28.811432123184204,29.165036916732788,29.497019290924072,29.75543189048767,30.11683440208435
50,125000,151.80256242752074,7.031282896389226,155.98367500305176,151.97452807426453,143.4998059272766,139.718092918396,164.0256531238556,150.00561094284058,149.34508156776428,147.00785851478577,158.145525932312,156.78579592704773,157.51767134666443
60,216000,603.1729750156403,36.100838885362045,651.658932685852,659.3584158420563,655.1790566444397,659.1193051338196,592.1116826534271,577.3287324905396,577.0721683502197,576.6393909454346,576.8121151924133,580.9799330234528,577.1289498806
