volumenes, dimensiones_matriz, media, desviacion_estandar, tiempo_compilacion, tiempo_1, tiempo_2, tiempo_3, tiempo_4, tiempo_5, tiempo_6, tiempo_7, tiempo_8, tiempo_9, tiempo_10
10.0,1000.0,0.009076809883117676,0.006585115040810344,0.010699033737182617,0.008955001831054688,0.00925302505493164,0.007031917572021484,0.006517887115478516,0.006402015686035156,0.0061800479888916016,0.02750706672668457,0.007213115692138672,0.005980014801025391,0.005728006362915039
20.0,8000.0,0.03977377414703369,0.007603381430669783,0.04412102699279785,0.03582406044006348,0.0366518497467041,0.05462193489074707,0.033802032470703125,0.03418993949890137,0.0380859375,0.04810690879821777,0.034091949462890625,0.03414201736450195,0.04822111129760742
30.0,27000.0,0.09877376556396485,0.0032551805871753312,0.10934686660766602,0.10094189643859863,0.09915900230407715,0.09843587875366211,0.09897589683532715,0.09050989151000977,0.09803509712219238,0.10011911392211914,0.09866189956665039,0.09980893135070801,0.10309004783630371
40.0,64000.0,0.1797318696975708,0.005344556486380855,0.19909000396728516,0.17171001434326172,0.17967891693115234,0.19285106658935547,0.18149399757385254,0.18051505088806152,0.1785569190979004,0.17862701416015625,0.17976593971252441,0.17698097229003906,0.1771388053894043
50.0,125000.0,0.3026128768920898,0.01261459431906602,0.31405210494995117,0.3015749454498291,0.32182812690734863,0.30127596855163574,0.2919130325317383,0.29288697242736816,0.29789090156555176,0.3281400203704834,0.3035399913787842,0.2959408760070801,0.2911379337310791
60.0,216000.0,0.49727578163146974,0.01818443088580079,0.5696859359741211,0.49773383140563965,0.49425387382507324,0.48842501640319824,0.5411920547485352,0.4917590618133545,0.4858689308166504,0.5166330337524414,0.4889180660247803,0.48483991622924805,0.48313403129577637
