volumenes, dimensiones_matriz, media, desviacion_estandar, tiempo_compilacion, tiempo_1, tiempo_2, tiempo_3, tiempo_4, tiempo_5, tiempo_6, tiempo_7, tiempo_8, tiempo_9, tiempo_10
10.0,1000.0,0.009379053115844726,0.006850970465267568,0.010751962661743164,0.02869701385498047,0.0071599483489990234,0.007915019989013672,0.00830698013305664,0.008528947830200195,0.0080718994140625,0.006094932556152344,0.006120920181274414,0.006433010101318359,0.0064618587493896484
20.0,8000.0,0.03836929798126221,0.0042730704198912705,0.058435916900634766,0.042756080627441406,0.0382230281829834,0.04416394233703613,0.034681081771850586,0.043202877044677734,0.03455400466918945,0.034323930740356445,0.04242110252380371,0.03460192680358887,0.034765005111694336
30.0,27000.0,0.10080151557922364,0.0023959256620940134,0.11087989807128906,0.10302400588989258,0.10208606719970703,0.1012430191040039,0.10140490531921387,0.10035204887390137,0.09429311752319336,0.10090994834899902,0.10156702995300293,0.10187005996704102,0.10126495361328125
40.0,64000.0,0.18260574340820312,0.004077004269128865,0.21507000923156738,0.18792510032653809,0.1802060604095459,0.1812429428100586,0.18133783340454102,0.1811690330505371,0.1805422306060791,0.1806471347808838,0.18006110191345215,0.18073201179504395,0.19219398498535156
50.0,125000.0,0.31618711948394773,0.007070653564139057,0.35794687271118164,0.31238508224487305,0.3275740146636963,0.3122580051422119,0.3126058578491211,0.31078004837036133,0.3268439769744873,0.3147411346435547,0.31073784828186035,0.30984020233154297,0.32410502433776855
60.0,216000.0,0.4676805973052979,0.013293850798846124,1.2093079090118408,0.46330785751342773,0.5022730827331543,0.46324801445007324,0.4707050323486328,0.46004295349121094,0.47594404220581055,0.4613158702850342,0.4608159065246582,0.46001315116882324,0.4591400623321533
80.0,512000.0,0.9665945053100586,0.019999372039899117,2.0226550102233887,1.0094120502471924,0.9726791381835938,0.936927080154419,0.9791090488433838,0.9537160396575928,0.9597899913787842,0.9731090068817139,0.9650719165802002,0.9460189342498779,0.9701118469238281
