volumenes, dimensiones_matriz, media, desviacion_estandar, tiempo_compilacion, tiempo_1, tiempo_2, tiempo_3, tiempo_4, tiempo_5, tiempo_6, tiempo_7, tiempo_8, tiempo_9, tiempo_10
10,1000,0.007371377944946289,0.0006904070593997721,0.00861978530883789,0.00704646110534668,0.006574392318725586,0.0068013668060302734,0.0073871612548828125,0.008075714111328125,0.008495092391967773,0.00801396369934082,0.008042097091674805,0.006691932678222656,0.006585597991943359
20,8000,0.02512989044189453,0.0022279855491530586,0.02513742446899414,0.0242919921875,0.024079322814941406,0.023943424224853516,0.02568674087524414,0.025252580642700195,0.02584385871887207,0.023490190505981445,0.03133654594421387,0.024016141891479492,0.02335810661315918
30,27000,0.055915307998657224,0.0059060049820417355,0.05945134162902832,0.05256175994873047,0.06514430046081543,0.05918741226196289,0.055808305740356445,0.05497407913208008,0.06619739532470703,0.04975438117980957,0.04927253723144531,0.04880070686340332,0.05745220184326172
40,64000,0.09041736125946045,0.0013946336733435985,0.09386777877807617,0.08958196640014648,0.09398555755615234,0.08930563926696777,0.09086465835571289,0.08997178077697754,0.09017109870910645,0.09051251411437988,0.0892477035522461,0.09147095680236816,0.08906173706054688
50,125000,0.1490561246871948,0.0010664797562205876,0.15761375427246094,0.15171170234680176,0.14827966690063477,0.1492912769317627,0.1483628749847412,0.150038480758667,0.14936161041259766,0.14872193336486816,0.14828991889953613,0.1479947566986084,0.14850902557373047
60,216000,0.22553954124450684,0.0022990403009712865,0.23780369758605957,0.22855663299560547,0.22238922119140625,0.22463583946228027,0.22556018829345703,0.22325515747070312,0.22518467903137207,0.2240593433380127,0.23035764694213867,0.22464680671691895,0.22674989700317383
80,512000,0.4795289278030396,0.0028804362003688358,0.4996001720428467,0.4755828380584717,0.4807908535003662,0.4811108112335205,0.48362207412719727,0.47890639305114746,0.47830796241760254,0.4812159538269043,0.47945451736450195,0.4737894535064697,0.48250842094421387
