volumenes, dimensiones_matriz, media, desviacion_estandar, tiempo_compilacion, tiempo_1, tiempo_2, tiempo_3, tiempo_4, tiempo_5, tiempo_6, tiempo_7, tiempo_8, tiempo_9, tiempo_10
10.0,1000.0,0.00810694694519043,0.006740226117583442,0.0068399906158447266,0.006548881530761719,0.027279138565063477,0.005969047546386719,0.005700826644897461,0.005800008773803711,0.0060520172119140625,0.00586700439453125,0.005884885787963867,0.005968809127807617,0.005998849868774414
20.0,8000.0,0.041788554191589354,0.007319778266471616,0.03875088691711426,0.037960052490234375,0.054747819900512695,0.03646278381347656,0.05268287658691406,0.037039995193481445,0.036203861236572266,0.04548215866088867,0.03497886657714844,0.03680300712585449,0.04552412033081055
30.0,27000.0,0.12709324359893798,0.05906385508058423,0.16124796867370605,0.2525649070739746,0.22381997108459473,0.09758710861206055,0.10040402412414551,0.09637594223022461,0.09944987297058105,0.09907889366149902,0.10904979705810547,0.09669995307922363,0.0959019660949707
40.0,64000.0,0.1882702112197876,0.0053147022872261996,0.19537091255187988,0.19214415550231934,0.18279099464416504,0.19187593460083008,0.18310308456420898,0.19232797622680664,0.18269801139831543,0.1930239200592041,0.18623113632202148,0.19608283042907715,0.18242406845092773
50.0,125000.0,0.31920979022979734,0.06797319375892975,0.5856821537017822,0.5121548175811768,0.3031949996948242,0.2948729991912842,0.29289698600769043,0.294158935546875,0.30527710914611816,0.29432201385498047,0.29570603370666504,0.30541300773620605,0.2941009998321533
60.0,216000.0,0.47222859859466554,0.00897066343990476,0.8307759761810303,0.4863920211791992,0.48714303970336914,0.4674689769744873,0.47963500022888184,0.4657118320465088,0.4712870121002197,0.46271204948425293,0.46451306343078613,0.46705102920532227,0.47037196159362793
80.0,512000.0,0.968089485168457,0.010860958173407985,1.0030291080474854,0.9568459987640381,0.9871630668640137,0.9597969055175781,0.9673738479614258,0.9734110832214355,0.9635438919067383,0.9847300052642822,0.9603009223937988,0.9701850414276123,0.9575440883636475
100.0,1.0e6,1.6509990215301513,0.02462353287033236,1.7270638942718506,1.683912992477417,1.623751163482666,1.6350891590118408,1.6705608367919922,1.6314079761505127,1.6960949897766113,1.6322681903839111,1.6516849994659424,1.6491589546203613,1.6360609531402588
