volumenes, dimensiones_matriz, media, desviacion_estandar, tiempo_compilacion, tiempo_1, tiempo_2, tiempo_3, tiempo_4, tiempo_5, tiempo_6, tiempo_7, tiempo_8, tiempo_9, tiempo_10
10,1000,0.005388474464416504,0.00224412512479268,0.007086992263793945,0.007191896438598633,0.004380226135253906,0.004225015640258789,0.004559755325317383,0.004446506500244141,0.004506349563598633,0.004411935806274414,0.011626720428466797,0.004210233688354492,0.0043261051177978516
20,8000,0.03390491008758545,0.005539924823807889,0.031829118728637695,0.029618263244628906,0.04017233848571777,0.030744314193725586,0.03090643882751465,0.04310917854309082,0.030024290084838867,0.029546737670898438,0.043457984924316406,0.030998706817626953,0.030470848083496094
30,27000,0.11336042881011962,0.010210043561834095,0.11876440048217773,0.11849379539489746,0.11884164810180664,0.0929419994354248,0.11039972305297852,0.1145634651184082,0.11429667472839355,0.12271595001220703,0.12128281593322754,0.12391996383666992,0.09614825248718262
40,64000,0.33314359188079834,0.02736363831453055,0.3211655616760254,0.31613898277282715,0.31488776206970215,0.34017515182495117,0.3583340644836426,0.3376147747039795,0.382495641708374,0.33406662940979004,0.3354921340942383,0.3397176265716553,0.27251315116882324
50,125000,0.6540204524993897,0.03875086766328328,0.6605758666992188,0.7320458889007568,0.6474354267120361,0.6503136157989502,0.6259260177612305,0.6049458980560303,0.672229528427124,0.6048660278320312,0.6739420890808105,0.6983067989349365,0.6301932334899902
60,216000,1.1455789089202881,0.05815052701469117,1.1463799476623535,1.1454174518585205,1.2363736629486084,1.1101150512695312,1.1012322902679443,1.2090983390808105,1.2120006084442139,1.0690124034881592,1.190115213394165,1.082761287689209,1.0996627807617188
