volumenes, dimensiones_matriz, media, desviacion_estandar, tiempo_compilacion, tiempo_1, tiempo_2, tiempo_3, tiempo_4, tiempo_5, tiempo_6, tiempo_7, tiempo_8, tiempo_9, tiempo_10
10.0,1000.0,0.014798331260681152,0.0051866387143251905,0.013023138046264648,0.013391971588134766,0.013045072555541992,0.012957096099853516,0.013032913208007812,0.012874841690063477,0.013178110122680664,0.012971162796020508,0.0295259952545166,0.012942075729370117,0.01406407356262207
20.0,8000.0,0.11925396919250489,0.013199560497117476,0.1395418643951416,0.10681986808776855,0.1365969181060791,0.10962986946105957,0.1344139575958252,0.1089010238647461,0.1304609775543213,0.10504293441772461,0.1253650188446045,0.10514402389526367,0.13016510009765625
30.0,27000.0,0.3822863817214966,0.012521073885959839,0.43604493141174316,0.38193798065185547,0.3805420398712158,0.394193172454834,0.3641021251678467,0.3877289295196533,0.39232587814331055,0.36701178550720215,0.3970520496368408,0.39186596870422363,0.3661038875579834
40.0,64000.0,0.9227357387542725,0.025539949598824115,1.0352940559387207,0.9795470237731934,0.9244699478149414,0.9204299449920654,0.9168081283569336,0.9100611209869385,0.9058990478515625,0.8992500305175781,0.8927500247955322,0.9483201503753662,0.9298219680786133
50.0,125000.0,1.9077621936798095,0.12849589813503448,1.9057378768920898,1.9429800510406494,1.863908052444458,2.202782154083252,1.9315710067749023,2.015293836593628,1.7747728824615479,1.8680429458618164,1.782109022140503,1.893326997756958,1.8028349876403809
60.0,216000.0,3.564477324485779,0.20992971825436058,3.737624168395996,3.7868101596832275,3.5698959827423096,3.5208261013031006,3.426701068878174,3.742201805114746,3.3393568992614746,3.439258098602295,3.9786040782928467,3.5083510875701904,3.332767963409424
