volumenes, dimensiones_matriz, media, desviacion_estandar, tiempo_compilacion, tiempo_1, tiempo_2, tiempo_3, tiempo_4, tiempo_5, tiempo_6, tiempo_7, tiempo_8, tiempo_9, tiempo_10
10,1000,0.00652461051940918,0.0006459825617122988,0.0074939727783203125,0.008171558380126953,0.006813764572143555,0.006933689117431641,0.006787776947021484,0.006038665771484375,0.006121158599853516,0.006109476089477539,0.006075143814086914,0.00606536865234375,0.00612950325012207
20,8000,0.022216248512268066,0.0011571317285694505,0.02558445930480957,0.02560567855834961,0.02153921127319336,0.021364212036132812,0.021933555603027344,0.02190542221069336,0.02164006233215332,0.022192716598510742,0.02190089225769043,0.022192955017089844,0.021887779235839844
30,27000,0.05087566375732422,0.0010629120288317344,0.07310152053833008,0.05144858360290527,0.05093193054199219,0.05096793174743652,0.05353069305419922,0.050631046295166016,0.050362348556518555,0.04942464828491211,0.05100417137145996,0.05078601837158203,0.04966926574707031
40,64000,0.10403504371643066,0.007563708369170925,0.10870718955993652,0.09517359733581543,0.10277247428894043,0.09372568130493164,0.10173487663269043,0.11278390884399414,0.11205053329467773,0.10728192329406738,0.1170954704284668,0.10045623779296875,0.0972757339477539
50,125000,0.1589996337890625,0.005646836522395137,0.1653597354888916,0.16485834121704102,0.16562438011169434,0.16086101531982422,0.15350985527038574,0.16267752647399902,0.1656193733215332,0.1523439884185791,0.1607511043548584,0.15251970291137695,0.151231050491333
60,216000,0.24362220764160156,0.007602267413934489,0.24320578575134277,0.25888562202453613,0.24347305297851562,0.2288212776184082,0.246856689453125,0.24625086784362793,0.24647021293640137,0.23678898811340332,0.24023890495300293,0.24877619743347168,0.23966026306152344
