volumenes, dimensiones_matriz, media, desviacion_estandar, tiempo_compilacion, tiempo_1, tiempo_2, tiempo_3, tiempo_4, tiempo_5, tiempo_6, tiempo_7, tiempo_8, tiempo_9, tiempo_10
10.0,1000.0,0.00758976936340332,0.00010917007130507099,0.30320096015930176,0.007653951644897461,0.007405996322631836,0.007515907287597656,0.007447004318237305,0.007658958435058594,0.007578849792480469,0.007562875747680664,0.007718086242675781,0.007623910903930664,0.0077321529388427734
20.0,8000.0,0.16527316570281983,0.06155943017515447,0.14197587966918945,0.15317988395690918,0.13738703727722168,0.12229490280151367,0.1737818717956543,0.30190300941467285,0.12819910049438477,0.24994301795959473,0.12797784805297852,0.13314104080200195,0.1249239444732666
30.0,27000.0,1.0166574239730835,0.12155733809438081,1.0304341316223145,1.0295538902282715,1.2195379734039307,1.2283661365509033,1.0593822002410889,0.9523169994354248,1.0135619640350342,0.907128095626831,0.9245758056640625,0.9072871208190918,0.9248640537261963
40.0,64000.0,4.050874257087708,0.08052785488101354,4.133920907974243,4.010206937789917,4.243843078613281,4.142963886260986,4.011336088180542,4.003417015075684,3.9857988357543945,4.033890962600708,4.0459840297698975,4.007067918777466,4.024233818054199
50.0,125000.0,14.949446868896484,0.07275567352995269,14.399230003356934,15.007201910018921,14.902924060821533,14.92110800743103,14.89700198173523,15.004055976867676,15.002017974853516,15.02199101448059,14.792340993881226,14.942956924438477,15.002869844436646
60.0,216000.0,43.16296393871308,0.40562703332790345,43.95335388183594,43.38524913787842,42.43745398521423,43.119569063186646,42.86348795890808,42.89918613433838,43.529353857040405,43.90439510345459,43.16980004310608,42.987574100494385,43.33357000350952
