volumenes, dimensiones_matriz, media, desviacion_estandar, tiempo_compilacion, tiempo_1, tiempo_2, tiempo_3, tiempo_4, tiempo_5, tiempo_6, tiempo_7, tiempo_8, tiempo_9, tiempo_10
#5,125,0.0023596763610839845,0.00010462489666585273,0.005304813385009766,0.0022292137145996094,0.0024805068969726562,0.0022780895233154297,0.002513885498046875,0.0024743080139160156,0.002398252487182617,0.002368927001953125,0.0021822452545166016,0.002330303192138672,0.002341032028198242
10,1000,0.008259201049804687,0.0014665307278143537,0.009065389633178711,0.008013248443603516,0.011940240859985352,0.008102655410766602,0.00735020637512207,0.0076138973236083984,0.0073544979095458984,0.00745081901550293,0.007314443588256836,0.007342338562011719,0.010109663009643555
#15,3375,0.048607468605041504,0.0033157629872179414,0.05838441848754883,0.048294782638549805,0.05577540397644043,0.052454233169555664,0.04954075813293457,0.04488229751586914,0.04557037353515625,0.04591679573059082,0.05056118965148926,0.04633212089538574,0.04674673080444336
20,8000,0.3277040958404541,0.022755826358277765,0.33945322036743164,0.32860350608825684,0.30958080291748047,0.31015849113464355,0.315432071685791,0.3095700740814209,0.3222994804382324,0.34900689125061035,0.3196074962615967,0.3258357048034668,0.386946439743042
#25,15625,1.4256268262863159,0.050311703105482886,1.5714612007141113,1.436427116394043,1.4642102718353271,1.3960232734680176,1.445707082748413,1.3292865753173828,1.493102788925171,1.4622440338134766,1.3546061515808105,1.406229019165039,1.4684319496154785
30,27000,4.325949263572693,0.10598734450278367,4.461990118026733,4.560081243515015,4.3123390674591064,4.279213905334473,4.466731786727905,4.260255336761475,4.268177509307861,4.257354736328125,4.208213567733765,4.256128787994385,4.390996694564819
40,64000,29.26081576347351,0.5922884093366173,29.96439814567566,29.091742992401123,28.95263385772705,28.753499507904053,30.20210075378418,28.262425899505615,28.811432123184204,29.165036916732788,29.497019290924072,29.75543189048767,30.11683440208435
50,125000,151.80256242752074,7.031282896389226,155.98367500305176,151.97452807426453,143.4998059272766,139.718092918396,164.0256531238556,150.00561094284058,149.34508156776428,147.00785851478577,158.145525932312,156.78579592704773,157.51767134666443
